sysmbol,ID,character,position,Text,Jump,kindness,intellegence,compliance,Scenes,sound,,csv bug
!,0,,,Sunlight streams through the window—it’s just another ordinary day for me as a social worker.,1,,,,Office,,,
$,1,Mark,r,Oh my gosh，I'm so glad you're here. I really need someone to talk to. Have you heard about the new evaluation system the boss introduced?,2,,,,,,,
$,2,Me,l,Hey，calm down. I'm all ears.,3,,,,,,,
%,3,,,What is it all about?,4,,1,,,,,
$,4,Mark,r,Oh god，they're going to rate our work based on three numerical values: understanding，skill，and compliance.,5,,,,,,,
$,5,Mark,r,It's something like whether you understand the clients，whether your skills are up to standard，and whether you follow the rules.,6,,,,,,,
$,6,Me,l,It doesn't sound that bad when you put it that way. What do you think about it?,7,,,,,,,
$,7,Mark,r,Oh no，I think it is crazy! Understanding the real thoughts of clients has always been my weak point. What should I do?,8,,,,,,,
$,8,Me,l,Chill out. The key is to listen and see things from their point of view. Trust that they'll understand eventually.,9,,,,,,,
$,9,Mark,r,Yep... but it still feels frustrating.,10,,,,,,,
$,10,Mark,r,If your score is too low，you'll need to retrain—or worse，you might get fired! They say it's about accountability and building client trust.,11,,,,,,,
$,11,Me,l,What if your score is high?,12,,,,,,,
$,12,Mark,r,If your score is high，you supposedly get a raise or something. I don't know.,13,,,,,,,
$,13,Me,l,Hooray! Money time!,14,,,,,,,
$,14,Mark,r,Ugh，let's not talk about this anymore. Oh，did you watch the game last night? It was insane!  My God，my friends and I stayed up until 3 AM. That final goal—man，I almost screamed!,15,,,,,,,
$,15,Me,l,I guess this is why you look so tired，huh?,16,,,,,,,
$,16,Mark,r,You got me. Speaking of which，I really need you to do me a favor. I have a family meeting to attend later，and I really don't want my clients to see me like this. Help me，help，help.,17,,,,,,,
$,17,Mark,r,You don't have to do much—just sit there and listen. The family therapist I brought in will be there to handle the talking. It shouldn't take long before the case is wrapped up. Well?,18,,,,,,,
%,18,,,No problem，I got you.,20,,,-1,,,,
%,19,,,This isn't right—you should go yourself.,21,,,1,,,,
$,20,Mark,r,You're the best! I knew I could count on you!,22,,,,,,,
$,21,Mark,r,Just this once—please? I'll even buy you lunch tomorrow. Deal? Alright，I'm out!,22,,,,,,,
!,22,,,The case involves a 7-year-old child Vivian who has been reported as being unusually withdrawn at school，barely speaking. According to Mark，the parents are highly cooperative and passionate，which makes the process smoother. The case is expected to be resolved soon. After some time，I met with the family. And after briefly introducing myself，we attended the therapy session together.,23,,,,Meeting,,,
$,23,Therapist,l,How have you been lately，little Vivian? Your shoes look adorable today.,24,,,,,,,
$,24,Vivian,r, … (Clutching the hem of her shirt),25,,,,,,,
$,25,Therapist,l,(Smiling) Alright，let's start with some feedback. Since our last session，what steps have you taken? Have they been effective? Has Vivian been doing better?,26,,,,,,,
$,26,Vivian's Mother,r,You mentioned before that we should spend more time with her to build trust. So now，I read to her every night，and she's really opening up—she laughs at the funny parts，and we have a great time together.,27,,,,,,,
$,27,Therapist,l,That's great. Keep communicating with her and try to understand her needs.,28,,,,,,,
$,28,Vivian,r,(Tugs at her mother's sleeve),29,,,,,,,
$,29,Vivian's Mother,r, Sigh… I don't know why，she just stopped talking to us much about six months ago. She used to be such a lively kid，always begging to go to the amusement park. Do you think taking her there more often would help? ,30,,,,,,,
$,30,Therapist,l,Taking her out more would definitely help. Letting her experience the outside world is important. By the way，I never quite understood last time—you said her change started six months ago. What exactly happened back then?,31,,,,,,,
$,31,Vivian's Mother,r,… (Falls silent，her face darkens),32,,,,,,,
$,32,Vivian's Father,l,I don't think anything special happened… I can't really remember. Maybe it was when we took her to my mother-in-law's place，and their dog scared her. That dog was huge—I was worried it might jump up and bite me.,33,,,,,,,
$,33,Vivian's Mother,r,Hey! Leave my family out of this.,34,,,,,,,
$,34,Vivian's Father,l,You saw it yourself! Your dad didn't hold the leash properly，and the dog pounced on Vivian. It must have traumatized her.,35,,,,,,,
$,35,Vivian,r,(Tugs at her mother's sleeve again),36,,,,,,,
$,36,Vivian's Mother,r,I've had enough. She was perfectly fine at their place afterward—this has nothing to do with the dog!,37,,,,,,,
$,37,Vivian's Father,l,Oh，so now you just 'know' huh? Psychological trauma from a dog attack doesn't just disappear overnight.,38,,,,,,,
$,38,Vivian's Mother,r,Stop talking nonsense. You know what really happened!,39,,,,,,,
%,39,Me,,Come on，spill it! What really happened?,42,-1,-1,-3,,,,
%,40,Me,,I can hear that you are frustrated about this. Can you describe how it makes you feel?,43,,,1,,,,
%,41,Me,, (Listening to Mark talk about that game was amazing. There's a replay today—I can't miss it!),44,,-3,-1,,,,
$,42,Vivian's Mother,r,(Glances at you sideways),45,,,,,,,
$,43,Vivian's Mother,r,I…I don't know how to say it…,45,,,,,,,
$,44,Me,l,(A 3-2 score，a last-minute goal—my god，that must have been insane!),45,,,,,,,
$,45,Vivian's Father,l,Enough with all this nonsense. It was the dog. If your father had just kept it under control，none of this would've happened!,46,,,,,,,
$,46,Vivian's Mother,r,Here we go again. You know damn well it wasn't the dog!,47,,,,,,,
$,47,Vivian,r, (Tugs at her mother's sleeve once more),48,,,,,,,
$,48,Vivian's Father,l,Then what was it? If not the dog，then what?!,49,,,,,,,
$,49,Therapist,l,Let's all calm down…,50,,,,,,,
$,50,Vivian's Mother,r,(Ignores the therapist) Are you serious? You really want me to say it? Right here? Don't blame me if I embarrass you!,51,,,,,,,
$,51,Vivian's Father,l,Enough! I told you—that was just a misunderstanding!,52,,,,,,,
$,52,Vivian's Mother,r,A misunderstanding? Was 'my sweet little baby' a misunderstanding? Was “my adorable little sweetheart” a misunderstanding? Was “I want to swing with you on the moon，watching shooting stars fall across the dazzling night sky” a misunderstanding?!,53,,,,,,,
$,53,Vivian's Father,l,I've had enough! I'm leaving! I knew this family therapy thing was a mistake!,54,,,,,,,
$,54,Vivian's Mother,r,Go ahead! No one wants you here anyway!,55,,,,,,,
!,55,,,Family counselor: Social services can help families connect with professional family counselors，who provide expert guidance in both emotional and problem-solving aspects. Of course，that only works if the family members are honest and genuinely willing to resolve their issues…,56,,,,Office,key,,
!,56,,,(And just like that，the family meeting ended...) In the aftermath，Vivian's mother took her and left. At least Mark was right about one thing—the couple sure was 'passionate' about their stance. As they walked away，you couldn't help but notice the sadness in the child's eyes… (Some time later，back in the office…),57,,,,,,,
$,57,Lily,r,Hey，what's up? You don't look too great.,58,,,,,,,
$,58,Me,l,Hey，Lily. I'm fine—just a busy morning.,59,,,,,,,
$,59,Lily,r,Haha，make sure to keep your energy up! By the way，have you thought about what I asked last time?,60,,,,,,,
$,60,Me,l,Huh? Sorry，I forgot.,61,,,,,,,
$,61,Lily,r,Morning runs! Come on，join me. It'll be great for your energy. You can't just survive on coffee all the time!,62,,,,,,,
$,62,Me,l, (Awkward laugh) Oh，morning runs… I've been staying up late recently，so I just can't get up in the mornings…,63,,,,,,,
$,63,Lily,r,Ugh，you. Fine，but let me know if you change your mind.,64,,,,,,,
$,64,Lily,r,Oh，right! I got the funniest case today—a kid called in because his parents wouldn't buy him a puppy!,65,,,,,,,
$,65,Me,l,Oh? And how did you handle that?,66,,,,,,,
$,66,Lily,r,Of course，I helped him with it! I told him to talk to his parents and try to understand their point of view instead of just throwing a tantrum.,67,,,,,,,
$,67,Lily,r,And if he really wanted a dog，he needed to prove he was responsible enough to care for one—taking it on walks，cleaning up its poop，all that.,68,,,,,,,
$,68,Lily,r,So I gave him a trick: wake up early every morning，tie a leash to a rock，and walk it around the yard like a dog. If he sticks with it long enough，his parents will see he's serious and might be more likely to get him one. Now，guess who used this method to get her own dog?,69,,,,,,,
%,69,,,That's actually a great idea!,72,1,,-1,,,,
%,70,,,That doesn't sound like a great idea…,71,,1,1,,,,
$,71,Me,l,Are you sure your parents didn't get you a dog because they were worried about your mental state?,73,,,,,,,
$,72,Lily,r,Right? Right? I think it's a brilliant idea too! (Laughs) If I could wake up early every day，it would prove I was responsible enough for a dog. Though… yeah，I guess there's a chance my parents got me the dog out of concern for my mental well-being…,74,,,,,,,
$,73,Lily,r,Hey，don't twist it! It was my way of proving I could take care of a dog. (Laughs) Besides，if I could wake up early every day，that just shows I had the dedication!,74,,,,,,,
$,74,Me,l,Do you ever get tired of these kinds of calls?,75,,,,,,,
$,75,Lily,r,What? Of course not! I love when kids call in! A lot of them don't even realize they can get help，or when they should reach out. I just want them to call whenever they feel like they need it.,76,,,,,,,
$,76,Lily,r,There's no such thing as a 'big' or 'small' problem—I'll do my best to help them，no matter what. That's what being a social worker is all about!,77,,,,,,,
$,77,Me,l,Haha，that's the Lily I know.,78,,,,,,,
$,78,Lily,r,Alright，enough chit-chat—I've got more cases to get to. My dashboard is full! You keep at it too!,79,,,,,,,
$,79,Me,l,All right. Time to take on some new cases!,80,,,,,,,
End,80,,,,,,,,City,,,
